{
  "family": "documentportaltd",
  "networkMode": "awsvpc",
  "executionRoleArn": "arn:aws:iam::459497895986:role/ecsTaskExecutionRole",
  "requiresCompatibilities": ["FARGATE"],
  "cpu": "1024",
  "memory": "8192",
  "containerDefinitions": [
    {
      "name": "document-portal-container",
      "image": "459497895986.dkr.ecr.ap-southeast-2.amazonaws.com/documentportalliveclass",
      "cpu": 1024,
      "essential": true,
      "portMappings": [
        {
          "containerPort": 8080,
          "hostPort": 8080,
          "protocol": "tcp",
          "name": "document-portal-container-8080-tcp",
          "appProtocol": "http"
        }
      ],
      "environment": [
        {
          "name": "ENV",
          "value": "production"
        }
      ],
      "secrets": [
        {
          "name": "API_KEYS",
          "valueFrom": "arn:aws:secretsmanager:ap-southeast-2:459497895986:secret:api_keys-nZTtj8"
        }
        
      ],
      "logConfiguration": {
        "logDriver": "awslogs",
        "options": {
          "awslogs-group": "/ecs/documentportaltd",
          "awslogs-region": "ap-southeast-2",
          "awslogs-stream-prefix": "ecs",
          "awslogs-create-group": "true"
        }
      }
    }
  ]
}
